{
  "main": {
    "id": "3f8da2c786f3a883",
    "type": "split",
    "children": [
      {
        "id": "ee64919da7b33c84",
        "type": "tabs",
        "dimension": 47.48795595320027,
        "children": [
          {
            "id": "d05b18679acaa23f",
            "type": "leaf",
            "state": {
              "type": "markdown",
              "state": {
                "file": "업무/테이블 정보.md",
                "mode": "source",
                "source": false
              },
              "icon": "lucide-file",
              "title": "테이블 정보"
            }
          },
          {
            "id": "62421047bf49ada2",
            "type": "leaf",
            "state": {
              "type": "markdown",
              "state": {
                "file": "업무/2_정기/월간/월간작업.md",
                "mode": "source",
                "source": false
              },
              "icon": "lucide-file",
              "title": "월간작업"
            }
          },
          {
            "id": "e07daaadce486cc1",
            "type": "leaf",
            "state": {
              "type": "markdown",
              "state": {
                "file": "업무/경로(SVN, 로컬).md",
                "mode": "source",
                "source": false
              },
              "icon": "lucide-file",
              "title": "경로(SVN, 로컬)"
            }
          },
          {
            "id": "ac09939750ddcd68",
            "type": "leaf",
            "state": {
              "type": "markdown",
              "state": {
                "file": "00.shj/스크립트.md",
                "mode": "source",
                "source": false
              },
              "icon": "lucide-file",
              "title": "스크립트"
            }
          },
          {
            "id": "e5da9ba73dbbcaa5",
            "type": "leaf",
            "state": {
              "type": "markdown",
              "state": {
                "file": "00.shj/스크립트.md",
                "mode": "source",
                "source": false
              },
              "icon": "lucide-file",
              "title": "스크립트"
            }
          },
          {
            "id": "dc3b80bd89d3e71a",
            "type": "leaf",
            "state": {
              "type": "markdown",
              "state": {
                "file": "업무/업무 메모/지가심사시스템 이해/경영투자심사 시점수정치.md",
                "mode": "source",
                "source": false
              },
              "icon": "lucide-file",
              "title": "경영투자심사 시점수정치"
            }
          },
          {
            "id": "2cd3072b572684f1",
            "type": "leaf",
            "state": {
              "type": "markdown",
              "state": {
                "file": "업무/2_정기/월간/월간작업.md",
                "mode": "source",
                "source": false
              },
              "icon": "lucide-file",
              "title": "월간작업"
            }
          }
        ],
        "currentTab": 4
      },
      {
        "id": "ff4391728150939d",
        "type": "tabs",
        "dimension": 52.51204404679972,
        "children": [
          {
            "id": "d552a54548d7d72e",
            "type": "leaf",
            "state": {
              "type": "markdown",
              "state": {
                "file": "00.shj/00.해야할일.md",
                "mode": "source",
                "source": false
              },
              "icon": "lucide-file",
              "title": "00.해야할일"
            }
          },
          {
            "id": "c882516ce8671d9c",
            "type": "leaf",
            "state": {
              "type": "markdown",
              "state": {
                "file": "00.shj/00.데이터갱신.md",
                "mode": "source",
                "source": false
              },
              "icon": "lucide-file",
              "title": "00.데이터갱신"
            }
          },
          {
            "id": "81593c48a83537d4",
            "type": "leaf",
            "state": {
              "type": "markdown",
              "state": {
                "file": "00.shj/00.데이터.md",
                "mode": "source",
                "source": false
              },
              "icon": "lucide-file",
              "title": "00.데이터"
            }
          },
          {
            "id": "da14183af42b6950",
            "type": "leaf",
            "state": {
              "type": "markdown",
              "state": {
                "file": "00.shj/00.배치 스케쥴러.md",
                "mode": "source",
                "source": false
              },
              "icon": "lucide-file",
              "title": "00.배치 스케쥴러"
            }
          },
          {
            "id": "f363a104efc2548d",
            "type": "leaf",
            "state": {
              "type": "markdown",
              "state": {
                "file": "00.shj/01.지가정보.md",
                "mode": "source",
                "source": false
              },
              "icon": "lucide-file",
              "title": "01.지가정보"
            }
          },
          {
            "id": "1fd79ba677ed495c",
            "type": "leaf",
            "state": {
              "type": "markdown",
              "state": {
                "file": "00.shj/00.데이터갱신.md",
                "mode": "source",
                "source": false
              },
              "icon": "lucide-file",
              "title": "00.데이터갱신"
            }
          },
          {
            "id": "30d673bb5b56fab9",
            "type": "leaf",
            "state": {
              "type": "markdown",
              "state": {
                "file": "00.shj/02.경영투자심사.md",
                "mode": "source",
                "source": false
              },
              "icon": "lucide-file",
              "title": "02.경영투자심사"
            }
          },
          {
            "id": "7381feddf4e29909",
            "type": "leaf",
            "state": {
              "type": "markdown",
              "state": {
                "file": "00.shj/03.감정평가심사.md",
                "mode": "source",
                "source": false
              },
              "icon": "lucide-file",
              "title": "03.감정평가심사"
            }
          },
          {
            "id": "a5a05e230eb35ad8",
            "type": "leaf",
            "state": {
              "type": "markdown",
              "state": {
                "file": "00.shj/04.부동산.md",
                "mode": "source",
                "source": false
              },
              "icon": "lucide-file",
              "title": "04.부동산"
            }
          },
          {
            "id": "cc8442d2bbb41da5",
            "type": "leaf",
            "state": {
              "type": "markdown",
              "state": {
                "file": "00.shj/ver2.md",
                "mode": "source",
                "source": false
              },
              "icon": "lucide-file",
              "title": "ver2"
            }
          }
        ],
        "currentTab": 6
      }
    ],
    "direction": "vertical"
  },
  "left": {
    "id": "4a2e090720fe6e50",
    "type": "split",
    "children": [
      {
        "id": "36257611a6114e66",
        "type": "tabs",
        "children": [
          {
            "id": "65340c4b111ace98",
            "type": "leaf",
            "state": {
              "type": "file-explorer",
              "state": {
                "sortOrder": "alphabetical",
                "autoReveal": true
              },
              "icon": "lucide-folder-closed",
              "title": "파일 탐색기"
            }
          },
          {
            "id": "6e02052488097cc9",
            "type": "leaf",
            "state": {
              "type": "search",
              "state": {
                "query": "시점수정",
                "matchingCase": false,
                "explainSearch": false,
                "collapseAll": false,
                "extraContext": false,
                "sortOrder": "alphabetical"
              },
              "icon": "lucide-search",
              "title": "검색"
            }
          },
          {
            "id": "f8f086a4fc6d9cf0",
            "type": "leaf",
            "state": {
              "type": "bookmarks",
              "state": {},
              "icon": "lucide-bookmark",
              "title": "북마크"
            }
          }
        ],
        "currentTab": 1
      }
    ],
    "direction": "horizontal",
    "width": 246.5
  },
  "right": {
    "id": "c4cbd0923ca5ca12",
    "type": "split",
    "children": [
      {
        "id": "b485da5c066ae092",
        "type": "tabs",
        "children": [
          {
            "id": "f6ea232db427b488",
            "type": "leaf",
            "state": {
              "type": "backlink",
              "state": {
                "file": "업무/1_일정/보고서 기록.md",
                "collapseAll": false,
                "extraContext": false,
                "sortOrder": "alphabetical",
                "showSearch": false,
                "searchQuery": "",
                "backlinkCollapsed": false,
                "unlinkedCollapsed": true
              },
              "icon": "links-coming-in",
              "title": "보고서 기록 의 백링크"
            }
          },
          {
            "id": "7ef8e4557c9272be",
            "type": "leaf",
            "state": {
              "type": "outgoing-link",
              "state": {
                "file": "궁금.md",
                "linksCollapsed": false,
                "unlinkedCollapsed": true
              },
              "icon": "links-going-out",
              "title": "궁금 의 나가는 링크"
            }
          },
          {
            "id": "e1b20e4bd72bf3d6",
            "type": "leaf",
            "state": {
              "type": "tag",
              "state": {
                "sortOrder": "frequency",
                "useHierarchy": true,
                "showSearch": false,
                "searchQuery": ""
              },
              "icon": "lucide-tags",
              "title": "태그"
            }
          },
          {
            "id": "4cda9205a3a93bcf",
            "type": "leaf",
            "state": {
              "type": "outline",
              "state": {
                "file": "궁금.md",
                "followCursor": false,
                "showSearch": false,
                "searchQuery": ""
              },
              "icon": "lucide-list",
              "title": "궁금 의 개요"
            }
          }
        ]
      }
    ],
    "direction": "horizontal",
    "width": 300,
    "collapsed": true
  },
  "left-ribbon": {
    "hiddenItems": {
      "switcher:빠른 전환기 열기": false,
      "graph:그래프 뷰 열기": false,
      "canvas:새 캔버스 만들기": false,
      "daily-notes:오늘의 일일 노트 열기": false,
      "templates:템플릿 삽입": false,
      "command-palette:명령어 팔레트 열기": false
    }
  },
  "active": "e5da9ba73dbbcaa5",
  "lastOpenFiles": [
    "00.shj/새로운 1.txt",
    "00.shj/02.경영투자심사.md",
    "00.shj/00.해야할일.md",
    "00.shj/스크립트.md",
    "00.shj/01.지가정보.md",
    "00.shj/00.배치 스케쥴러.md",
    "00.shj/03.감정평가심사.md",
    "00.shj/04.부동산.md",
    "00.shj/ver2.md",
    "업무/업무 메모/지가심사시스템 이해/경영투자심사 시점수정치.md",
    "업무/용어 정리/지가심사.md",
    "업무/용어 정리/용도지역, 용도지구, 용도구역.md",
    "업무/용어 정리/도로접면구분표.md",
    "업무/용어 정리/경계데이터.md",
    "업무/용어 정리/개별공시지가, 공시지가.md",
    "00.shj/00.데이터갱신.md",
    "00.shj/00.데이터.md",
    "업무/2_정기/월간/월간작업.md",
    "업무/운영정보 20240520.md",
    "업무/테이블 정보.md",
    "업무/경로(SVN, 로컬).md",
    "업무/업무 메모/hostpot 작업 메모.md",
    "업무/업무 메모/보안점검.md",
    "업무/업무 메모/경투심 분석 실행.md",
    "업무/1_일정/보고서 기록.md",
    "00.shj/00.지가2025 개선사항.md",
    "업무/2_정기/월간/지가심사 공간정보 및 지가변동률 갱신/레이어 현행화 확인.png",
    "업무/2_정기/월간/지가심사 공간정보 및 지가변동률 갱신/지가변동률 업로드.png",
    "업무/2_정기/월간/지가심사 공간정보 및 지가변동률 갱신/지가변동률 확인.png",
    "00.shj/헬프데스크",
    "제목 없음.png",
    "캡처.png",
    "Pasted image 20250519174029.png",
    "Pasted image 20250519174003.png",
    "Pasted image 20250516110901.png",
    "Pasted image 20250515151502.png",
    "Pasted image 20250514092736.png",
    "00.shj",
    "무제.canvas",
    "업무/지가 시스템 변경기록/쿼리",
    "업무/지가 시스템 변경기록/코드",
    "업무/지가 시스템 변경기록",
    "궁금",
    "새 폴더",
    "업무/용어 정리",
    "업무/3_비정기/202410 교육 관련",
    "업무/3_비정기"
  ]
}